loan_id,customer_id,loan_amount,loan_type,interest_rate,loan_term_months,start_date,status,name,gender,age,income,region,credit_score,risk_id,risk_score,risk_level,calculated_date,debt_to_income
1,1,1499500.0,Home,9.98,12,2025-03-02,Closed,Sai Palan,Male,48,613000.0,Bahraich,316,1,0.38,High,2025-07-16,2.446166394779772
2,1,79648.7,Car,10.51,24,2025-05-08,Closed,Sai Palan,Male,48,613000.0,Bahraich,316,2,0.68,Medium,2025-07-16,0.1299326264274062
3,1,743728.0,Education,13.03,36,2025-04-01,Closed,Sai Palan,Male,48,613000.0,Bahraich,316,3,0.88,Low,2025-07-16,1.2132593800978793
4,2,1252630.0,Car,6.57,12,2023-04-03,Ongoing,Manthan Jain,Female,58,391000.0,Jodhpur,441,4,0.86,Low,2025-07-16,3.2036572890025576
5,3,810673.0,Personal,9.06,12,2025-05-13,Closed,Chameli Golla,Male,59,313000.0,Berhampore,474,5,0.81,Low,2025-07-16,2.5900095846645366
6,3,1273080.0,Education,13.25,24,2025-01-24,Closed,Chameli Golla,Male,59,313000.0,Berhampore,474,6,0.58,Medium,2025-07-16,4.0673482428115015
7,4,1228630.0,Home,13.88,48,2024-04-26,Defaulted,Dalbir Sabharwal,Male,43,344000.0,Asansol,555,7,0.48,Medium,2025-07-16,3.571598837209302
8,4,854595.0,Car,8.27,24,2025-01-16,Closed,Dalbir Sabharwal,Male,43,344000.0,Asansol,555,8,0.62,Medium,2025-07-16,2.4842877906976746
9,4,1337730.0,Car,10.05,36,2024-12-18,Closed,Dalbir Sabharwal,Male,43,344000.0,Asansol,555,9,0.9,Low,2025-07-16,3.88875
10,5,564541.0,Home,11.76,24,2025-04-14,Closed,Qasim Chowdhury,Male,47,1051000.0,Kakinada,393,10,0.18,High,2025-07-16,0.5371465271170314
11,5,1151900.0,Car,14.24,12,2024-01-23,Ongoing,Qasim Chowdhury,Male,47,1051000.0,Kakinada,393,11,0.75,Low,2025-07-16,1.0960038058991437
12,6,1091550.0,Education,14.38,12,2022-08-03,Closed,Harrison Kohli,Male,30,999000.0,Mahbubnagar,335,12,0.94,Low,2025-07-16,1.0926426426426425
13,6,522844.0,Home,9.45,12,2023-10-28,Closed,Harrison Kohli,Male,30,999000.0,Mahbubnagar,335,13,0.12,High,2025-07-16,0.5233673673673673
14,7,356030.0,Car,7.41,36,2025-02-02,Ongoing,Ekani Handa,Male,25,560000.0,Hindupur,493,14,0.64,Medium,2025-07-16,0.6357678571428571
15,8,433259.0,Education,6.51,36,2023-03-05,Closed,Deepa Naik,Female,43,254000.0,Motihari,656,15,0.21,High,2025-07-16,1.705744094488189
16,9,555975.0,Car,7.26,12,2024-01-09,Closed,Michael Badami,Male,37,907000.0,Anantapur,471,16,0.92,Low,2025-07-16,0.6129823594266813
17,9,169899.0,Education,9.01,36,2023-02-24,Ongoing,Michael Badami,Male,37,907000.0,Anantapur,471,17,0.88,Low,2025-07-16,0.18731973539140023
18,9,1066380.0,Personal,11.77,24,2024-11-02,Closed,Michael Badami,Male,37,907000.0,Anantapur,471,18,0.38,High,2025-07-16,1.1757221609702315
19,10,1086320.0,Education,7.71,36,2023-04-05,Defaulted,Wakeeta Sidhu,Female,31,515000.0,Vijayanagaram,625,19,0.66,Medium,2025-07-16,2.109359223300971
20,10,1307450.0,Car,12.04,24,2025-01-10,Closed,Wakeeta Sidhu,Female,31,515000.0,Vijayanagaram,625,20,0.89,Low,2025-07-16,2.53873786407767
21,11,1444870.0,Car,8.43,12,2025-06-15,Ongoing,Ethan Parsa,Male,23,794000.0,Anantapuram,597,21,0.64,Medium,2025-07-16,1.819735516372796
22,11,1167610.0,Home,10.01,48,2025-02-18,Defaulted,Ethan Parsa,Male,23,794000.0,Anantapuram,597,22,0.35,High,2025-07-16,1.4705415617128463
23,12,496714.0,Home,10.65,48,2024-01-17,Ongoing,Harshil Raj,Male,21,373000.0,Nangloi Jat,758,23,0.22,High,2025-07-16,1.3316729222520107
24,12,716731.0,Personal,13.02,48,2022-11-09,Ongoing,Harshil Raj,Male,21,373000.0,Nangloi Jat,758,24,0.22,High,2025-07-16,1.9215308310991956
25,12,1286640.0,Education,7.85,24,2025-03-04,Defaulted,Harshil Raj,Male,21,373000.0,Nangloi Jat,758,25,0.78,Low,2025-07-16,3.449436997319035
26,13,1443740.0,Home,7.21,36,2025-02-06,Closed,Vasudha Chander,Female,49,879000.0,Sultan Pur Majra,650,26,0.76,Low,2025-07-16,1.6424800910125141
27,13,1273340.0,Home,9.65,12,2023-10-20,Ongoing,Vasudha Chander,Female,49,879000.0,Sultan Pur Majra,650,27,0.88,Low,2025-07-16,1.448623435722412
28,13,1098100.0,Home,11.82,24,2023-12-28,Closed,Vasudha Chander,Female,49,879000.0,Sultan Pur Majra,650,28,0.58,Medium,2025-07-16,1.2492605233219567
29,14,438292.0,Personal,6.78,12,2024-02-11,Defaulted,Vrinda Kothari,Male,29,1087000.0,Bhatpara,718,29,0.63,Medium,2025-07-16,0.40321251149954
30,14,976243.0,Home,11.94,24,2023-07-17,Ongoing,Vrinda Kothari,Male,29,1087000.0,Bhatpara,718,30,0.54,Medium,2025-07-16,0.8981076356945722
31,14,185499.0,Home,12.8,48,2024-11-11,Closed,Vrinda Kothari,Male,29,1087000.0,Bhatpara,718,31,0.2,High,2025-07-16,0.1706522539098436
32,15,1277890.0,Personal,8.48,36,2024-12-29,Defaulted,Parth Dhaliwal,Male,53,1295000.0,Ongole,453,32,0.2,High,2025-07-16,0.9867876447876448
33,16,808872.0,Home,12.26,36,2023-07-10,Defaulted,Anamika Dutta,Male,54,870000.0,Fatehpur,847,33,0.17,High,2025-07-16,0.9297379310344828
34,17,603044.0,Car,13.34,24,2024-12-24,Ongoing,Meera Tara,Female,44,417000.0,Proddatur,367,34,0.93,Low,2025-07-16,1.4461486810551558
35,17,511519.0,Car,11.53,12,2022-12-31,Closed,Meera Tara,Female,44,417000.0,Proddatur,367,35,0.61,Medium,2025-07-16,1.226664268585132
36,18,686616.0,Car,12.25,48,2022-12-14,Ongoing,Abha Walia,Female,47,321000.0,Shivpuri,541,36,0.67,Medium,2025-07-16,2.1389906542056076
37,19,1139380.0,Home,8.93,12,2024-07-19,Closed,Arjun Ramaswamy,Female,21,613000.0,Hubli–Dharwad,508,37,0.79,Low,2025-07-16,1.858694942903752
38,20,1335840.0,Home,10.94,24,2024-08-04,Ongoing,Advika Hayre,Female,53,440000.0,Ichalkaranji,321,38,0.27,High,2025-07-16,3.036
39,20,353690.0,Personal,9.27,12,2025-04-30,Closed,Advika Hayre,Female,53,440000.0,Ichalkaranji,321,39,0.99,Low,2025-07-16,0.8038409090909091
40,20,965056.0,Car,6.74,48,2023-03-22,Ongoing,Advika Hayre,Female,53,440000.0,Ichalkaranji,321,40,0.52,Medium,2025-07-16,2.193309090909091
41,21,122291.0,Personal,12.3,48,2024-11-20,Ongoing,Sanaya Keer,Female,42,712000.0,Ongole,469,41,0.35,High,2025-07-16,0.1717570224719101
42,21,258766.0,Home,12.86,48,2024-10-23,Closed,Sanaya Keer,Female,42,712000.0,Ongole,469,42,0.43,Medium,2025-07-16,0.36343539325842694
43,21,1057470.0,Home,6.8,24,2023-12-26,Closed,Sanaya Keer,Female,42,712000.0,Ongole,469,43,0.58,Medium,2025-07-16,1.4852106741573035
44,22,804038.0,Home,8.86,12,2023-10-22,Closed,Dipta Kulkarni,Male,62,944000.0,Ambattur,410,44,0.8,Low,2025-07-16,0.8517351694915254
45,22,634959.0,Education,9.02,36,2023-06-17,Ongoing,Dipta Kulkarni,Male,62,944000.0,Ambattur,410,45,0.94,Low,2025-07-16,0.6726260593220339
46,23,384153.0,Personal,11.81,24,2024-04-03,Closed,Henry Chana,Female,21,504000.0,Mau,302,46,0.48,Medium,2025-07-16,0.7622083333333334
47,24,1155980.0,Car,8.72,48,2023-02-04,Closed,Ekaraj Dua,Male,52,853000.0,Medininagar,591,47,0.63,Medium,2025-07-16,1.3551934349355217
48,24,122416.0,Personal,10.48,48,2024-10-05,Closed,Ekaraj Dua,Male,52,853000.0,Medininagar,591,48,0.99,Low,2025-07-16,0.14351230949589683
49,25,802347.0,Car,14.02,36,2024-08-20,Ongoing,Yahvi Choudhry,Female,61,800000.0,Hajipur,679,49,0.18,High,2025-07-16,1.00293375
50,25,953245.0,Personal,12.32,12,2023-09-27,Ongoing,Yahvi Choudhry,Female,61,800000.0,Hajipur,679,50,0.69,Medium,2025-07-16,1.19155625
51,25,693338.0,Personal,8.59,36,2024-01-07,Closed,Yahvi Choudhry,Female,61,800000.0,Hajipur,679,51,0.39,High,2025-07-16,0.8666725
52,26,226233.0,Home,11.82,24,2024-04-26,Ongoing,Nachiket Parmar,Male,28,402000.0,Kottayam,416,52,0.56,Medium,2025-07-16,0.562768656716418
53,26,793569.0,Home,12.56,36,2022-08-19,Ongoing,Nachiket Parmar,Male,28,402000.0,Kottayam,416,53,0.39,High,2025-07-16,1.9740522388059702
54,26,805581.0,Car,8.44,12,2022-08-13,Closed,Nachiket Parmar,Male,28,402000.0,Kottayam,416,54,0.38,High,2025-07-16,2.0039328358208954
55,27,1348660.0,Car,10.38,12,2023-10-06,Defaulted,Anjali Misra,Female,64,437000.0,South Dumdum,676,55,0.83,Low,2025-07-16,3.086178489702517
56,28,374843.0,Education,6.67,24,2025-06-29,Defaulted,Yadavi Bose,Male,55,890000.0,Kottayam,762,56,0.53,Medium,2025-07-16,0.42117191011235955
57,28,214351.0,Car,8.58,48,2025-04-30,Closed,Yadavi Bose,Male,55,890000.0,Kottayam,762,57,0.29,High,2025-07-16,0.2408438202247191
58,28,902165.0,Car,11.39,24,2025-07-09,Closed,Yadavi Bose,Male,55,890000.0,Kottayam,762,58,0.5,Medium,2025-07-16,1.0136685393258427
59,29,779190.0,Education,13.77,12,2024-11-14,Ongoing,Atharv Sarkar,Male,64,293000.0,Kota,385,59,0.69,Medium,2025-07-16,2.6593515358361777
60,29,776934.0,Education,11.0,24,2023-10-19,Defaulted,Atharv Sarkar,Male,64,293000.0,Kota,385,60,0.5,Medium,2025-07-16,2.651651877133106
61,30,644290.0,Car,6.69,24,2025-04-24,Ongoing,Wazir Oza,Male,34,261000.0,Sultan Pur Majra,441,61,0.42,Medium,2025-07-16,2.468544061302682
62,30,1490460.0,Home,11.69,48,2022-12-08,Ongoing,Wazir Oza,Male,34,261000.0,Sultan Pur Majra,441,62,0.31,High,2025-07-16,5.7105747126436786
63,30,1465720.0,Home,7.04,48,2024-10-17,Ongoing,Wazir Oza,Male,34,261000.0,Sultan Pur Majra,441,63,0.4,Medium,2025-07-16,5.615785440613027
64,31,924946.0,Car,10.17,24,2022-10-23,Defaulted,Rayaan Gaba,Male,62,612000.0,Kolhapur,791,64,0.99,Low,2025-07-16,1.5113496732026144
65,31,806962.0,Home,12.56,48,2023-01-21,Defaulted,Rayaan Gaba,Male,62,612000.0,Kolhapur,791,65,0.83,Low,2025-07-16,1.3185653594771243
66,31,834659.0,Education,13.31,36,2025-06-05,Closed,Rayaan Gaba,Male,62,612000.0,Kolhapur,791,66,0.11,High,2025-07-16,1.3638218954248367
67,32,1323320.0,Car,14.0,12,2025-05-16,Ongoing,Radha Rajagopal,Male,25,704000.0,Begusarai,798,67,0.22,High,2025-07-16,1.879715909090909
68,33,278982.0,Personal,9.81,24,2023-01-11,Defaulted,Samar Narasimhan,Male,58,602000.0,Guntakal,707,68,0.45,Medium,2025-07-16,0.4634252491694352
69,34,1298980.0,Personal,10.7,24,2025-06-23,Closed,Charvi Bajaj,Male,51,1366000.0,Bhagalpur,316,69,0.16,High,2025-07-16,0.9509370424597364
70,34,311672.0,Personal,14.01,24,2023-03-17,Ongoing,Charvi Bajaj,Male,51,1366000.0,Bhagalpur,316,70,0.21,High,2025-07-16,0.22816398243045388
71,35,665195.0,Car,10.43,24,2023-06-30,Closed,Neelima Dhingra,Female,51,986000.0,Dindigul,491,71,0.85,Low,2025-07-16,0.6746399594320487
72,36,1428280.0,Education,12.08,36,2024-11-21,Closed,Maanas Naik,Male,50,1229000.0,Mango,479,72,0.29,High,2025-07-16,1.1621480878763222
73,37,207176.0,Education,7.6,24,2022-07-16,Defaulted,Yashoda Datta,Male,30,1153000.0,Madhyamgram,510,73,0.43,Medium,2025-07-16,0.17968430182133566
74,37,481447.0,Home,12.45,48,2022-11-18,Defaulted,Yashoda Datta,Male,30,1153000.0,Madhyamgram,510,74,0.59,Medium,2025-07-16,0.41756027753686037
75,37,1039570.0,Home,13.99,48,2022-07-22,Ongoing,Yashoda Datta,Male,30,1153000.0,Madhyamgram,510,75,0.44,Medium,2025-07-16,0.9016218560277537
76,38,959878.0,Education,10.43,24,2023-10-14,Ongoing,Varenya Bhasin,Female,50,1110000.0,Bhilwara,713,76,0.79,Low,2025-07-16,0.8647549549549549
77,39,1270450.0,Home,11.69,36,2024-08-11,Closed,Zansi Garde,Female,30,392000.0,Saharanpur,588,77,0.27,High,2025-07-16,3.2409438775510204
78,40,1041940.0,Car,11.81,12,2023-06-06,Closed,Dayita Gade,Male,39,1012000.0,Dehri,850,78,0.48,Medium,2025-07-16,1.0295849802371542
79,40,739906.0,Education,7.59,36,2023-06-13,Closed,Dayita Gade,Male,39,1012000.0,Dehri,850,79,0.26,High,2025-07-16,0.7311324110671936
80,41,543746.0,Education,14.26,36,2024-01-08,Closed,Pahal Saha,Male,46,774000.0,Siwan,373,80,0.27,High,2025-07-16,0.7025142118863049
81,41,50938.5,Car,8.01,48,2024-05-27,Closed,Pahal Saha,Male,46,774000.0,Siwan,373,81,0.84,Low,2025-07-16,0.06581201550387597
82,42,829557.0,Car,8.69,12,2022-10-12,Ongoing,Siya Andra,Female,43,1442000.0,Bhiwandi,838,82,0.13,High,2025-07-16,0.5752822468793343
83,42,218543.0,Car,9.44,36,2024-05-16,Defaulted,Siya Andra,Female,43,1442000.0,Bhiwandi,838,83,0.2,High,2025-07-16,0.15155547850208045
84,42,251360.0,Home,10.62,48,2023-07-26,Ongoing,Siya Andra,Female,43,1442000.0,Bhiwandi,838,84,0.36,High,2025-07-16,0.1743134535367545
85,43,1383710.0,Home,12.09,24,2024-09-02,Ongoing,Advay Bajwa,Female,31,1409000.0,Udupi,355,85,0.62,Medium,2025-07-16,0.9820511000709723
86,44,1452370.0,Car,14.2,36,2024-05-30,Closed,Pratyush Bumb,Male,29,573000.0,Sikar,346,86,0.9,Low,2025-07-16,2.534677137870855
87,45,92725.7,Home,9.43,36,2024-09-22,Closed,Onveer Kalita,Female,64,1174000.0,Agartala,695,87,0.47,Medium,2025-07-16,0.0789827086882453
88,45,558516.0,Personal,13.9,36,2024-12-22,Defaulted,Onveer Kalita,Female,64,1174000.0,Agartala,695,88,0.92,Low,2025-07-16,0.47573764906303234
89,45,1370820.0,Car,12.94,24,2023-11-21,Defaulted,Onveer Kalita,Female,64,1174000.0,Agartala,695,89,0.14,High,2025-07-16,1.167649063032368
90,46,386058.0,Education,11.99,12,2023-02-06,Ongoing,Idika Gandhi,Male,63,980000.0,Ramagundam,636,90,0.33,High,2025-07-16,0.3939367346938776
91,46,641680.0,Education,12.03,36,2023-02-16,Defaulted,Idika Gandhi,Male,63,980000.0,Ramagundam,636,91,0.64,Medium,2025-07-16,0.6547755102040816
92,47,1470890.0,Home,6.97,12,2024-06-09,Closed,Chanchal Doshi,Female,27,782000.0,Katni,835,92,0.27,High,2025-07-16,1.880933503836317
93,47,51835.9,Personal,11.98,24,2023-09-24,Defaulted,Chanchal Doshi,Female,27,782000.0,Katni,835,93,0.79,Low,2025-07-16,0.06628631713554987
94,47,666568.0,Education,10.29,36,2024-04-30,Ongoing,Chanchal Doshi,Female,27,782000.0,Katni,835,94,0.8,Low,2025-07-16,0.8523887468030691
95,48,747281.0,Education,7.51,48,2024-03-31,Defaulted,Yauvani Bhat,Female,21,523000.0,Etawah,568,95,0.2,High,2025-07-16,1.4288355640535373
96,49,1288050.0,Personal,10.51,24,2025-03-20,Ongoing,William Toor,Male,49,730000.0,Hosur,687,96,0.78,Low,2025-07-16,1.7644520547945206
97,50,1012940.0,Personal,10.73,36,2025-05-27,Defaulted,Ranbir Sant,Male,33,767000.0,Eluru,550,97,0.61,Medium,2025-07-16,1.320651890482399
98,51,853821.0,Car,10.41,24,2022-09-12,Closed,Kabir Sastry,Female,27,682000.0,Buxar,729,98,0.27,High,2025-07-16,1.2519369501466275
99,52,106171.0,Home,10.91,24,2024-10-05,Ongoing,Tara Pathak,Male,44,659000.0,Ratlam,598,99,0.32,High,2025-07-16,0.1611092564491654
100,52,394900.0,Education,10.23,36,2023-03-05,Closed,Tara Pathak,Male,44,659000.0,Ratlam,598,100,0.82,Low,2025-07-16,0.5992412746585736
101,53,1081630.0,Home,8.5,24,2025-01-04,Closed,Mekhala Johal,Male,55,1035000.0,Haldia,371,101,0.98,Low,2025-07-16,1.0450531400966183
102,53,795909.0,Education,11.99,12,2023-05-09,Ongoing,Mekhala Johal,Male,55,1035000.0,Haldia,371,102,0.83,Low,2025-07-16,0.7689942028985507
103,54,1172860.0,Car,10.98,48,2024-09-12,Defaulted,Oliver Lanka,Male,37,270000.0,Thiruvananthapuram,731,103,0.69,Medium,2025-07-16,4.343925925925926
104,54,836645.0,Car,7.14,36,2024-10-29,Closed,Oliver Lanka,Male,37,270000.0,Thiruvananthapuram,731,104,0.23,High,2025-07-16,3.098685185185185
105,54,763365.0,Personal,10.27,36,2024-02-08,Ongoing,Oliver Lanka,Male,37,270000.0,Thiruvananthapuram,731,105,0.96,Low,2025-07-16,2.827277777777778
106,55,210009.0,Education,8.87,12,2023-03-23,Ongoing,Priya Sani,Male,43,616000.0,Deoghar,565,106,0.97,Low,2025-07-16,0.3409237012987013
107,55,229975.0,Home,12.0,12,2025-06-25,Closed,Priya Sani,Male,43,616000.0,Deoghar,565,107,0.34,High,2025-07-16,0.37333603896103895
108,56,538681.0,Home,12.24,36,2024-05-28,Ongoing,Aishani Bali,Female,54,628000.0,Bhavnagar,600,108,0.35,High,2025-07-16,0.8577722929936306
109,56,487722.0,Education,6.56,24,2025-04-13,Defaulted,Aishani Bali,Female,54,628000.0,Bhavnagar,600,109,0.48,Medium,2025-07-16,0.7766273885350319
110,56,358926.0,Education,9.5,24,2023-06-04,Defaulted,Aishani Bali,Female,54,628000.0,Bhavnagar,600,110,0.1,High,2025-07-16,0.5715382165605095
111,57,1365850.0,Personal,7.58,36,2025-05-17,Ongoing,Udant Khare,Male,32,550000.0,Tiruchirappalli,779,111,0.34,High,2025-07-16,2.483363636363636
112,58,1426450.0,Education,14.22,36,2023-06-20,Ongoing,Hemang Minhas,Male,27,640000.0,Bharatpur,587,112,0.15,High,2025-07-16,2.228828125
113,58,902813.0,Car,14.36,36,2025-04-29,Defaulted,Hemang Minhas,Male,27,640000.0,Bharatpur,587,113,0.37,High,2025-07-16,1.4106453125
114,58,1336570.0,Education,10.2,24,2025-04-13,Defaulted,Hemang Minhas,Male,27,640000.0,Bharatpur,587,114,0.16,High,2025-07-16,2.088390625
115,59,1413470.0,Car,10.27,48,2024-02-29,Defaulted,Upadhriti Sachdev,Female,38,265000.0,Durgapur,792,115,0.84,Low,2025-07-16,5.333849056603774
116,60,462227.0,Education,11.3,24,2023-01-23,Closed,Ekapad Desai,Female,35,796000.0,Pune,386,116,0.15,High,2025-07-16,0.5806871859296482
117,61,941387.0,Personal,12.72,36,2025-07-11,Defaulted,Hemani Bedi,Female,51,894000.0,Lucknow,817,117,0.44,Medium,2025-07-16,1.0530055928411632
118,61,317820.0,Personal,8.48,24,2024-07-26,Ongoing,Hemani Bedi,Female,51,894000.0,Lucknow,817,118,0.9,Low,2025-07-16,0.355503355704698
119,61,156155.0,Home,14.34,36,2025-06-07,Defaulted,Hemani Bedi,Female,51,894000.0,Lucknow,817,119,0.32,High,2025-07-16,0.17467002237136464
120,62,1014190.0,Home,6.95,24,2022-08-02,Defaulted,Victor Goswami,Male,32,1128000.0,Jamshedpur,452,120,0.16,High,2025-07-16,0.899104609929078
121,63,1038010.0,Car,10.08,24,2023-05-12,Ongoing,Ethan Mukherjee,Male,62,278000.0,New Delhi,441,121,0.42,Medium,2025-07-16,3.733848920863309
122,63,1463810.0,Car,13.13,12,2022-12-31,Ongoing,Ethan Mukherjee,Male,62,278000.0,New Delhi,441,122,0.36,High,2025-07-16,5.2655035971223025
123,63,121344.0,Education,10.85,12,2025-06-28,Defaulted,Ethan Mukherjee,Male,62,278000.0,New Delhi,441,123,0.68,Medium,2025-07-16,0.43648920863309354
124,64,378386.0,Education,9.9,36,2023-02-15,Defaulted,Hemani Ravel,Female,37,1323000.0,Srinagar,687,124,0.79,Low,2025-07-16,0.2860060468631897
125,64,838827.0,Education,11.2,12,2024-11-10,Closed,Hemani Ravel,Female,37,1323000.0,Srinagar,687,125,0.49,Medium,2025-07-16,0.6340340136054422
126,65,970483.0,Car,8.04,48,2023-08-14,Closed,Sanaya Gour,Female,52,785000.0,Guna,528,126,0.89,Low,2025-07-16,1.236284076433121
127,65,694755.0,Education,12.44,36,2023-09-24,Closed,Sanaya Gour,Female,52,785000.0,Guna,528,127,0.98,Low,2025-07-16,0.8850382165605095
128,66,902607.0,Education,8.05,24,2024-08-21,Ongoing,Chakrika Kashyap,Male,46,1321000.0,Aizawl,750,128,0.49,Medium,2025-07-16,0.6832755488266464
129,66,355304.0,Personal,10.45,24,2024-12-06,Defaulted,Chakrika Kashyap,Male,46,1321000.0,Aizawl,750,129,0.38,High,2025-07-16,0.2689659348978047
130,66,1362950.0,Personal,13.38,24,2023-03-05,Defaulted,Chakrika Kashyap,Male,46,1321000.0,Aizawl,750,130,0.1,High,2025-07-16,1.0317562452687359
131,67,407136.0,Car,11.31,12,2025-06-09,Defaulted,Zinal Sethi,Male,24,920000.0,Khandwa,785,131,0.46,Medium,2025-07-16,0.4425391304347826
132,68,394328.0,Car,6.58,12,2024-04-08,Defaulted,Ganga Morar,Female,48,788000.0,Howrah,637,132,0.42,Medium,2025-07-16,0.5004162436548223
133,68,54169.2,Home,8.71,48,2023-07-21,Ongoing,Ganga Morar,Female,48,788000.0,Howrah,637,133,0.89,Low,2025-07-16,0.06874263959390862
134,68,1479390.0,Education,6.6,48,2025-01-20,Ongoing,Ganga Morar,Female,48,788000.0,Howrah,637,134,0.25,High,2025-07-16,1.8773984771573604
135,69,50783.4,Education,9.19,12,2025-03-19,Closed,Owen Dada,Female,28,1488000.0,Hubli–Dharwad,338,135,0.15,High,2025-07-16,0.034128629032258065
136,69,647722.0,Home,11.25,12,2024-06-10,Closed,Owen Dada,Female,28,1488000.0,Hubli–Dharwad,338,136,0.6,Medium,2025-07-16,0.43529704301075267
137,70,1440720.0,Personal,7.44,24,2025-01-01,Closed,Gabriel More,Male,36,369000.0,Farrukhabad,462,137,0.45,Medium,2025-07-16,3.904390243902439
138,70,69901.3,Home,10.77,12,2024-07-04,Defaulted,Gabriel More,Male,36,369000.0,Farrukhabad,462,138,0.22,High,2025-07-16,0.18943441734417346
139,71,1338240.0,Car,7.04,12,2023-04-13,Closed,Brijesh Dyal,Male,33,436000.0,Mumbai,347,139,0.73,Low,2025-07-16,3.0693577981651377
140,71,630695.0,Education,11.31,36,2023-02-01,Ongoing,Brijesh Dyal,Male,33,436000.0,Mumbai,347,140,0.9,Low,2025-07-16,1.4465481651376146
141,71,1495420.0,Car,13.67,48,2024-01-25,Closed,Brijesh Dyal,Male,33,436000.0,Mumbai,347,141,0.63,Medium,2025-07-16,3.4298623853211008
142,72,1460570.0,Personal,13.57,24,2022-08-28,Closed,Pallavi Saha,Female,31,939000.0,Visakhapatnam,670,142,0.98,Low,2025-07-16,1.5554526091586796
143,73,1461450.0,Home,10.67,36,2024-01-20,Closed,Yadavi Chaudry,Male,30,1138000.0,Kollam,611,143,0.8,Low,2025-07-16,1.2842267135325132
144,73,853658.0,Education,11.5,12,2024-07-28,Ongoing,Yadavi Chaudry,Male,30,1138000.0,Kollam,611,144,0.72,Low,2025-07-16,0.7501388400702987
145,73,1242530.0,Personal,12.58,36,2023-07-14,Defaulted,Yadavi Chaudry,Male,30,1138000.0,Kollam,611,145,0.57,Medium,2025-07-16,1.091854130052724
146,74,634405.0,Home,9.91,24,2024-07-04,Defaulted,Udant Aggarwal,Male,55,603000.0,Vasai-Virar,310,146,0.84,Low,2025-07-16,1.0520812603648424
147,74,852037.0,Education,6.54,48,2024-11-11,Defaulted,Udant Aggarwal,Male,55,603000.0,Vasai-Virar,310,147,0.58,Medium,2025-07-16,1.4129966832504146
148,75,82492.2,Personal,9.48,12,2025-06-16,Closed,Owen Randhawa,Male,63,517000.0,Tadipatri,660,148,0.34,High,2025-07-16,0.15955938104448741
149,75,764111.0,Car,13.7,36,2024-05-10,Defaulted,Owen Randhawa,Male,63,517000.0,Tadipatri,660,149,0.39,High,2025-07-16,1.477970986460348
150,76,235223.0,Personal,11.35,24,2023-07-07,Ongoing,Sathvik Tak,Male,43,1255000.0,Vijayawada,698,150,0.25,High,2025-07-16,0.18742868525896414
151,77,942135.0,Education,9.65,48,2024-12-13,Ongoing,Ekaja Ranganathan,Female,24,1178000.0,Madhyamgram,388,151,0.41,Medium,2025-07-16,0.7997750424448218
152,78,651159.0,Personal,9.92,24,2024-08-26,Defaulted,Luke Palan,Male,39,1321000.0,Tiruppur,451,152,0.43,Medium,2025-07-16,0.49292884178652535
153,78,957991.0,Personal,10.77,36,2023-01-10,Closed,Luke Palan,Male,39,1321000.0,Tiruppur,451,153,0.34,High,2025-07-16,0.7252013626040879
154,78,394663.0,Personal,13.12,24,2025-06-09,Closed,Luke Palan,Male,39,1321000.0,Tiruppur,451,154,0.23,High,2025-07-16,0.29876078728236183
155,79,688939.0,Car,6.63,24,2022-11-30,Closed,Utkarsh Kuruvilla,Male,62,627000.0,Proddatur,694,155,0.53,Medium,2025-07-16,1.098786283891547
156,80,453476.0,Car,12.94,36,2025-05-20,Closed,Ethan Prakash,Female,58,230000.0,Pondicherry,556,156,0.23,High,2025-07-16,1.9716347826086957
157,80,1480980.0,Home,9.95,24,2024-08-11,Ongoing,Ethan Prakash,Female,58,230000.0,Pondicherry,556,157,0.41,Medium,2025-07-16,6.43904347826087
158,81,77623.9,Car,13.19,24,2025-05-29,Defaulted,Unnati Kalita,Female,24,963000.0,Pondicherry,449,158,0.86,Low,2025-07-16,0.08060633437175492
159,81,358863.0,Education,9.62,48,2022-08-02,Ongoing,Unnati Kalita,Female,24,963000.0,Pondicherry,449,159,0.99,Low,2025-07-16,0.3726510903426791
160,81,619445.0,Education,11.19,12,2024-08-23,Closed,Unnati Kalita,Female,24,963000.0,Pondicherry,449,160,0.14,High,2025-07-16,0.643245067497404
161,82,288479.0,Education,8.78,48,2023-03-31,Defaulted,Falguni Golla,Female,21,1202000.0,Narasaraopet,316,161,0.51,Medium,2025-07-16,0.2399991680532446
162,82,308611.0,Personal,7.38,12,2025-03-13,Closed,Falguni Golla,Female,21,1202000.0,Narasaraopet,316,162,0.68,Medium,2025-07-16,0.2567479201331115
163,83,175991.0,Education,7.77,24,2025-03-14,Closed,Ethan Barad,Female,55,1243000.0,Raurkela Industrial Township,602,163,0.44,Medium,2025-07-16,0.14158567980691875
164,83,356138.0,Education,13.95,12,2023-02-14,Ongoing,Ethan Barad,Female,55,1243000.0,Raurkela Industrial Township,602,164,0.47,Medium,2025-07-16,0.28651488334674174
165,84,508527.0,Car,12.52,12,2023-06-21,Closed,Bhavna Pandya,Male,36,449000.0,Nagpur,682,165,0.14,High,2025-07-16,1.132576837416481
166,84,984195.0,Personal,7.35,36,2024-03-01,Ongoing,Bhavna Pandya,Male,36,449000.0,Nagpur,682,166,0.23,High,2025-07-16,2.1919710467706013
167,85,510586.0,Personal,14.34,48,2023-06-06,Defaulted,Nikita Doshi,Male,50,1187000.0,Kochi,399,167,0.42,Medium,2025-07-16,0.43014827295703456
168,85,1171210.0,Education,8.39,36,2022-10-25,Defaulted,Nikita Doshi,Male,50,1187000.0,Kochi,399,168,0.48,Medium,2025-07-16,0.9866975568660489
169,85,132928.0,Home,10.82,48,2023-03-11,Closed,Nikita Doshi,Male,50,1187000.0,Kochi,399,169,0.41,Medium,2025-07-16,0.1119865206402696
170,86,855642.0,Home,13.99,36,2023-05-21,Closed,Prisha Kurian,Male,23,1360000.0,Hapur,649,170,0.64,Medium,2025-07-16,0.6291485294117647
171,86,173865.0,Car,6.56,36,2023-11-22,Defaulted,Prisha Kurian,Male,23,1360000.0,Hapur,649,171,0.6,Medium,2025-07-16,0.12784191176470588
172,87,753271.0,Car,12.31,48,2025-01-19,Defaulted,Geetika Banerjee,Female,23,1173000.0,Anantapuram,346,172,0.8,Low,2025-07-16,0.6421747655583973
173,87,1083050.0,Personal,13.73,24,2025-06-15,Closed,Geetika Banerjee,Female,23,1173000.0,Anantapuram,346,173,0.13,High,2025-07-16,0.9233162830349532
174,87,312814.0,Car,14.28,36,2023-07-08,Closed,Geetika Banerjee,Female,23,1173000.0,Anantapuram,346,174,0.79,Low,2025-07-16,0.26667860187553283
175,88,972111.0,Car,8.36,36,2022-12-30,Ongoing,Damyanti Amble,Male,34,499000.0,Tadipatri,330,175,0.65,Medium,2025-07-16,1.948118236472946
176,88,969557.0,Personal,8.14,24,2025-03-01,Ongoing,Damyanti Amble,Male,34,499000.0,Tadipatri,330,176,0.59,Medium,2025-07-16,1.943
177,88,1107940.0,Car,6.52,24,2024-01-31,Ongoing,Damyanti Amble,Male,34,499000.0,Tadipatri,330,177,0.24,High,2025-07-16,2.2203206412825653
178,89,772523.0,Home,14.11,12,2022-08-25,Closed,Samarth Deo,Male,23,1075000.0,Pallavaram,588,178,0.27,High,2025-07-16,0.7186260465116279
179,90,1030460.0,Car,11.4,48,2023-11-22,Closed,Om Raja,Female,46,1231000.0,Asansol,547,179,0.32,High,2025-07-16,0.8370917952883834
180,90,1244230.0,Home,12.96,12,2024-10-14,Ongoing,Om Raja,Female,46,1231000.0,Asansol,547,180,0.86,Low,2025-07-16,1.0107473598700243
181,90,809362.0,Education,12.08,24,2024-05-24,Closed,Om Raja,Female,46,1231000.0,Asansol,547,181,0.44,Medium,2025-07-16,0.6574833468724615
182,91,930112.0,Personal,11.73,12,2022-09-10,Closed,Aadhya Suri,Female,54,263000.0,Faridabad,818,182,0.38,High,2025-07-16,3.53654752851711
183,91,1301630.0,Personal,7.76,36,2024-01-17,Closed,Aadhya Suri,Female,54,263000.0,Faridabad,818,183,0.56,Medium,2025-07-16,4.9491634980988595
184,91,360390.0,Home,9.12,36,2022-09-16,Defaulted,Aadhya Suri,Female,54,263000.0,Faridabad,818,184,0.16,High,2025-07-16,1.3703041825095057
185,92,1079990.0,Education,10.4,12,2023-08-05,Defaulted,Falguni Kadakia,Female,62,719000.0,Deoghar,690,185,0.79,Low,2025-07-16,1.5020723226703756
186,92,1083140.0,Car,8.54,48,2023-12-01,Closed,Falguni Kadakia,Female,62,719000.0,Deoghar,690,186,0.52,Medium,2025-07-16,1.5064534075104312
187,93,887306.0,Home,12.38,12,2023-03-05,Ongoing,Divya Bhandari,Female,63,406000.0,Narasaraopet,531,187,0.97,Low,2025-07-16,2.1854827586206897
188,93,1282100.0,Car,14.07,12,2024-11-09,Ongoing,Divya Bhandari,Female,63,406000.0,Narasaraopet,531,188,0.27,High,2025-07-16,3.1578817733990148
189,94,510614.0,Education,7.8,36,2023-09-26,Ongoing,Omisha Dhar,Male,34,881000.0,Allahabad,688,189,0.66,Medium,2025-07-16,0.5795845629965948
190,94,1248130.0,Personal,9.91,36,2023-04-09,Closed,Omisha Dhar,Male,34,881000.0,Allahabad,688,190,0.77,Low,2025-07-16,1.4167196367763906
191,95,1279560.0,Car,12.08,12,2022-10-27,Closed,Azad Date,Female,48,1010000.0,Secunderabad,750,191,0.16,High,2025-07-16,1.266891089108911
192,96,658568.0,Education,6.83,48,2022-08-18,Ongoing,Nimrat Chaudhari,Female,33,1092000.0,Amritsar,760,192,0.83,Low,2025-07-16,0.6030842490842491
193,96,1213470.0,Personal,11.96,48,2024-06-13,Defaulted,Nimrat Chaudhari,Female,33,1092000.0,Amritsar,760,193,0.11,High,2025-07-16,1.1112362637362638
194,97,1183880.0,Home,11.53,24,2023-08-06,Defaulted,Darsh Ganesh,Female,64,1463000.0,Malegaon,626,194,0.48,Medium,2025-07-16,0.809213943950786
195,98,522822.0,Personal,11.64,48,2023-01-03,Closed,Ekbal Biswas,Male,51,290000.0,Raebareli,596,195,0.86,Low,2025-07-16,1.8028344827586207
196,99,187717.0,Personal,6.51,48,2024-11-05,Ongoing,Samar Mishra,Male,24,603000.0,Berhampur,552,196,0.93,Low,2025-07-16,0.3113051409618574
197,99,503258.0,Education,9.62,48,2022-09-13,Closed,Samar Mishra,Male,24,603000.0,Berhampur,552,197,0.79,Low,2025-07-16,0.8345903814262023
198,99,846751.0,Car,10.46,12,2024-08-27,Ongoing,Samar Mishra,Male,24,603000.0,Berhampur,552,198,0.55,Medium,2025-07-16,1.4042305140961857
199,100,386295.0,Home,8.97,36,2023-08-25,Ongoing,Thomas Morar,Male,37,712000.0,Raipur,403,199,0.48,Medium,2025-07-16,0.5425491573033708
200,100,1477470.0,Car,14.49,12,2024-07-19,Defaulted,Thomas Morar,Male,37,712000.0,Raipur,403,200,0.14,High,2025-07-16,2.0750983146067417
201,101,393071.0,Home,6.54,48,2023-12-01,Ongoing,Hemang Ahuja,Male,54,937000.0,Jaunpur,430,201,0.3,High,2025-07-16,0.4194994663820704
202,101,1353960.0,Personal,8.93,36,2023-05-09,Closed,Hemang Ahuja,Male,54,937000.0,Jaunpur,430,202,0.99,Low,2025-07-16,1.4449946638207043
203,102,716810.0,Home,13.72,24,2024-06-11,Closed,Siya Maharaj,Female,46,858000.0,Bhubaneswar,545,203,0.64,Medium,2025-07-16,0.8354428904428904
204,102,428107.0,Car,12.07,36,2024-11-13,Ongoing,Siya Maharaj,Female,46,858000.0,Bhubaneswar,545,204,0.89,Low,2025-07-16,0.49895920745920747
205,102,1010740.0,Car,8.23,48,2024-10-07,Defaulted,Siya Maharaj,Female,46,858000.0,Bhubaneswar,545,205,0.81,Low,2025-07-16,1.178018648018648
206,103,914046.0,Home,12.71,12,2024-11-13,Defaulted,Gautami Shukla,Female,24,293000.0,Navi Mumbai,748,206,0.31,High,2025-07-16,3.1196109215017063
207,104,892123.0,Education,9.02,48,2022-09-17,Ongoing,Indira Madan,Male,33,573000.0,Mumbai,539,207,0.25,High,2025-07-16,1.556933682373473
208,105,199842.0,Home,12.91,24,2024-12-21,Defaulted,Balveer Narayan,Male,42,843000.0,Dehradun,549,208,0.87,Low,2025-07-16,0.23706049822064057
209,105,1003020.0,Personal,14.17,24,2023-06-11,Closed,Balveer Narayan,Male,42,843000.0,Dehradun,549,209,0.1,High,2025-07-16,1.1898220640569395
210,106,578108.0,Education,10.9,12,2025-01-31,Defaulted,Frado Kibe,Male,59,966000.0,Bareilly,314,210,0.58,Medium,2025-07-16,0.5984554865424431
211,106,794265.0,Home,14.25,36,2023-05-05,Ongoing,Frado Kibe,Male,59,966000.0,Bareilly,314,211,0.69,Medium,2025-07-16,0.8222204968944099
212,106,900286.0,Education,12.03,24,2023-05-04,Defaulted,Frado Kibe,Male,59,966000.0,Bareilly,314,212,0.69,Medium,2025-07-16,0.9319730848861284
213,107,947994.0,Car,11.54,24,2024-03-06,Defaulted,Upkaar Mallick,Male,40,1205000.0,Karimnagar,419,213,0.46,Medium,2025-07-16,0.7867170124481327
214,107,67851.4,Personal,11.15,24,2023-09-24,Defaulted,Upkaar Mallick,Male,40,1205000.0,Karimnagar,419,214,0.85,Low,2025-07-16,0.05630821576763485
215,108,1486620.0,Personal,10.95,12,2024-06-02,Ongoing,Omaja Jha,Male,39,443000.0,Amroha,539,215,0.25,High,2025-07-16,3.3558013544018057
216,108,350097.0,Home,7.33,12,2023-02-12,Defaulted,Omaja Jha,Male,39,443000.0,Amroha,539,216,0.7,Low,2025-07-16,0.7902866817155756
217,109,1353090.0,Car,7.23,36,2024-01-28,Ongoing,Zarna Balan,Male,42,242000.0,Jaipur,815,217,0.38,High,2025-07-16,5.5912809917355375
218,109,349762.0,Home,10.4,12,2023-03-27,Ongoing,Zarna Balan,Male,42,242000.0,Jaipur,815,218,0.75,Low,2025-07-16,1.4452975206611571
219,110,1124420.0,Personal,6.52,24,2025-03-11,Ongoing,Om Biswas,Male,56,992000.0,Guna,801,219,0.49,Medium,2025-07-16,1.1334879032258065
220,110,1396170.0,Car,12.31,24,2025-04-18,Closed,Om Biswas,Male,56,992000.0,Guna,801,220,0.22,High,2025-07-16,1.407429435483871
221,111,662904.0,Personal,10.99,12,2022-08-24,Closed,Lakshit Baria,Male,23,1087000.0,Dewas,589,221,0.38,High,2025-07-16,0.6098472861085557
222,111,774228.0,Education,7.35,24,2022-10-15,Closed,Lakshit Baria,Male,23,1087000.0,Dewas,589,222,0.81,Low,2025-07-16,0.712261269549218
223,111,556519.0,Car,11.9,24,2023-11-06,Defaulted,Lakshit Baria,Male,23,1087000.0,Dewas,589,223,0.89,Low,2025-07-16,0.5119770009199632
224,112,1207270.0,Education,10.79,24,2024-09-03,Closed,Leena Pingle,Male,33,409000.0,Nandyal,313,224,0.79,Low,2025-07-16,2.951760391198044
225,112,1263280.0,Personal,6.53,24,2023-05-03,Defaulted,Leena Pingle,Male,33,409000.0,Nandyal,313,225,0.72,Low,2025-07-16,3.0887041564792175
226,112,975827.0,Car,10.44,48,2025-05-17,Defaulted,Leena Pingle,Male,33,409000.0,Nandyal,313,226,0.58,Medium,2025-07-16,2.385885085574572
227,113,74227.3,Personal,11.5,24,2024-01-15,Closed,Frederick Prakash,Female,36,1307000.0,Maheshtala,491,227,0.89,Low,2025-07-16,0.05679211935730681
228,114,1108020.0,Car,13.78,36,2022-08-19,Closed,Ijaya Bhagat,Male,28,1500000.0,Nashik,491,228,0.85,Low,2025-07-16,0.73868
229,115,660580.0,Car,6.77,12,2024-02-06,Ongoing,Yatan Korpal,Female,57,888000.0,Raurkela Industrial Township,719,229,0.24,High,2025-07-16,0.7438963963963964
230,115,904716.0,Education,8.3,48,2023-11-27,Closed,Yatan Korpal,Female,57,888000.0,Raurkela Industrial Township,719,230,0.73,Low,2025-07-16,1.0188243243243242
231,116,1212410.0,Personal,7.3,36,2023-09-18,Closed,Avi Minhas,Male,42,692000.0,Suryapet,355,231,0.99,Low,2025-07-16,1.7520375722543353
232,116,1201430.0,Home,11.75,24,2025-07-02,Closed,Avi Minhas,Male,42,692000.0,Suryapet,355,232,0.79,Low,2025-07-16,1.7361705202312139
233,117,517338.0,Car,10.86,48,2024-08-20,Closed,Chanakya Chacko,Male,39,1001000.0,Aurangabad,735,233,0.17,High,2025-07-16,0.5168211788211788
234,117,259483.0,Personal,11.28,12,2024-06-08,Ongoing,Chanakya Chacko,Male,39,1001000.0,Aurangabad,735,234,0.73,Low,2025-07-16,0.25922377622377624
235,118,267487.0,Personal,8.81,36,2024-10-23,Ongoing,Irya Keer,Female,37,1312000.0,Rourkela,643,235,0.82,Low,2025-07-16,0.20387728658536586
236,118,1275530.0,Car,9.15,24,2023-06-24,Ongoing,Irya Keer,Female,37,1312000.0,Rourkela,643,236,0.28,High,2025-07-16,0.972202743902439
237,119,974613.0,Education,7.05,36,2022-12-22,Closed,Chavvi Sankaran,Female,29,882000.0,Erode,373,237,0.39,High,2025-07-16,1.1050034013605443
238,119,1351870.0,Personal,9.01,48,2024-04-12,Closed,Chavvi Sankaran,Female,29,882000.0,Erode,373,238,0.8,Low,2025-07-16,1.5327324263038549
239,120,805469.0,Personal,11.92,24,2025-05-09,Ongoing,Abeer Chawla,Male,54,1204000.0,Begusarai,643,239,0.76,Low,2025-07-16,0.6689941860465116
240,120,853987.0,Personal,12.65,12,2024-10-03,Ongoing,Abeer Chawla,Male,54,1204000.0,Begusarai,643,240,0.95,Low,2025-07-16,0.7092915282392026
241,121,295427.0,Personal,10.59,48,2023-01-18,Closed,Rachana Kaur,Female,37,485000.0,Ozhukarai,842,241,0.19,High,2025-07-16,0.6091278350515464
242,122,366955.0,Car,14.26,48,2022-12-17,Defaulted,Tanay Rastogi,Male,36,961000.0,Etawah,597,242,0.64,Medium,2025-07-16,0.38184703433922995
243,123,428092.0,Car,10.39,24,2023-02-21,Defaulted,Veer Parmar,Female,28,1417000.0,Etawah,747,243,0.79,Low,2025-07-16,0.3021115031757234
244,124,1259120.0,Home,8.73,36,2024-03-26,Closed,Aahana Purohit,Male,39,730000.0,Gorakhpur,460,244,0.58,Medium,2025-07-16,1.7248219178082191
245,125,115311.0,Personal,13.01,24,2023-06-22,Ongoing,Leena Badami,Male,55,369000.0,New Delhi,763,245,0.82,Low,2025-07-16,0.3124959349593496
246,125,1446560.0,Personal,11.33,48,2024-06-06,Ongoing,Leena Badami,Male,55,369000.0,New Delhi,763,246,0.45,Medium,2025-07-16,3.9202168021680217
247,125,59756.1,Car,9.54,12,2024-11-03,Closed,Leena Badami,Male,55,369000.0,New Delhi,763,247,0.17,High,2025-07-16,0.16194065040650407
248,126,221170.0,Education,12.71,36,2024-07-04,Defaulted,Rudra Setty,Female,32,202000.0,Tinsukia,635,248,0.47,Medium,2025-07-16,1.0949009900990099
249,127,635726.0,Education,8.3,24,2023-04-20,Defaulted,Ekansh Tripathi,Male,30,1162000.0,Vellore,698,249,0.21,High,2025-07-16,0.5470963855421687
250,127,552922.0,Car,6.66,48,2024-10-09,Defaulted,Ekansh Tripathi,Male,30,1162000.0,Vellore,698,250,0.65,Medium,2025-07-16,0.47583648881239243
251,128,927111.0,Car,12.8,36,2023-03-18,Ongoing,Wakeeta Kata,Male,48,1154000.0,Narasaraopet,748,251,0.95,Low,2025-07-16,0.8033890814558059
252,128,729024.0,Home,9.07,36,2024-12-29,Ongoing,Wakeeta Kata,Male,48,1154000.0,Narasaraopet,748,252,0.75,Low,2025-07-16,0.631736568457539
253,128,787653.0,Personal,9.68,12,2022-12-18,Ongoing,Wakeeta Kata,Male,48,1154000.0,Narasaraopet,748,253,0.19,High,2025-07-16,0.6825415944540728
254,129,105673.0,Personal,6.9,12,2023-07-16,Closed,Bishakha Aurora,Male,50,1263000.0,Morena,503,254,0.34,High,2025-07-16,0.08366825019794141
255,129,475800.0,Car,8.66,24,2023-04-07,Closed,Bishakha Aurora,Male,50,1263000.0,Morena,503,255,0.59,Medium,2025-07-16,0.37672209026128267
256,129,1231580.0,Home,7.06,36,2025-01-31,Defaulted,Bishakha Aurora,Male,50,1263000.0,Morena,503,256,0.25,High,2025-07-16,0.9751227236737926
257,130,1086000.0,Education,8.58,36,2025-07-12,Closed,Chandran Sha,Male,21,643000.0,Patiala,439,257,0.23,High,2025-07-16,1.6889580093312597
258,130,1259290.0,Personal,7.8,48,2023-04-18,Ongoing,Chandran Sha,Male,21,643000.0,Patiala,439,258,0.37,High,2025-07-16,1.9584603421461897
259,130,1299240.0,Car,7.13,12,2023-02-07,Ongoing,Chandran Sha,Male,21,643000.0,Patiala,439,259,0.93,Low,2025-07-16,2.0205909797822708
260,131,661588.0,Education,7.27,12,2024-12-03,Closed,Karan Chokshi,Female,21,1248000.0,Pallavaram,382,260,0.38,High,2025-07-16,0.5301185897435897
261,131,826551.0,Car,8.82,36,2022-10-26,Defaulted,Karan Chokshi,Female,21,1248000.0,Pallavaram,382,261,0.9,Low,2025-07-16,0.6623004807692308
262,132,507216.0,Education,13.17,36,2024-10-20,Ongoing,Lekha Karnik,Male,22,1323000.0,Baranagar,423,262,0.19,High,2025-07-16,0.3833832199546485
263,133,824575.0,Home,11.1,48,2025-01-02,Defaulted,Isaiah Koshy,Female,47,1291000.0,Machilipatnam,503,263,0.95,Low,2025-07-16,0.638710302091402
264,133,767836.0,Car,13.0,12,2024-06-04,Closed,Isaiah Koshy,Female,47,1291000.0,Machilipatnam,503,264,0.27,High,2025-07-16,0.5947606506584043
265,134,87712.4,Home,13.76,12,2023-06-13,Ongoing,Meera Shetty,Female,65,1123000.0,Berhampore,359,265,0.27,High,2025-07-16,0.0781054318788958
266,134,197679.0,Car,10.59,12,2022-12-31,Closed,Meera Shetty,Female,65,1123000.0,Berhampore,359,266,0.3,High,2025-07-16,0.17602760463045414
267,135,742090.0,Education,14.12,36,2022-07-30,Closed,Wriddhish Sengupta,Male,55,210000.0,Bilaspur,730,267,0.36,High,2025-07-16,3.5337619047619047
268,136,1275580.0,Car,7.83,36,2024-12-16,Closed,Ekansh Pau,Female,55,778000.0,Haldia,761,268,0.6,Medium,2025-07-16,1.6395629820051414
269,136,241222.0,Home,12.68,12,2024-11-06,Closed,Ekansh Pau,Female,55,778000.0,Haldia,761,269,0.67,Medium,2025-07-16,0.3100539845758355
270,136,691282.0,Personal,11.31,48,2022-09-23,Closed,Ekansh Pau,Female,55,778000.0,Haldia,761,270,0.75,Low,2025-07-16,0.8885372750642674
271,137,525321.0,Personal,6.91,48,2022-09-01,Closed,Praneel Chakrabarti,Female,42,1096000.0,Hajipur,495,271,0.3,High,2025-07-16,0.4793074817518248
272,137,72478.9,Car,14.05,24,2023-10-14,Closed,Praneel Chakrabarti,Female,42,1096000.0,Hajipur,495,272,0.26,High,2025-07-16,0.06613038321167883
273,137,563491.0,Education,14.19,12,2022-10-09,Ongoing,Praneel Chakrabarti,Female,42,1096000.0,Hajipur,495,273,0.46,Medium,2025-07-16,0.5141341240875913
274,138,818455.0,Personal,7.23,36,2024-01-20,Closed,Ojasvi Khatri,Female,49,507000.0,Narasaraopet,512,274,0.77,Low,2025-07-16,1.61430966469428
275,138,656532.0,Personal,12.57,24,2022-09-02,Defaulted,Ojasvi Khatri,Female,49,507000.0,Narasaraopet,512,275,0.34,High,2025-07-16,1.2949349112426036
276,138,1432420.0,Home,10.04,48,2022-10-24,Closed,Ojasvi Khatri,Female,49,507000.0,Narasaraopet,512,276,0.79,Low,2025-07-16,2.825285996055227
277,139,274385.0,Home,9.06,36,2025-02-21,Ongoing,Balhaar Krishnamurthy,Male,37,1195000.0,Surat,453,277,0.85,Low,2025-07-16,0.22961087866108787
278,139,425216.0,Home,9.5,12,2024-11-18,Closed,Balhaar Krishnamurthy,Male,37,1195000.0,Surat,453,278,0.21,High,2025-07-16,0.35582928870292885
279,139,979154.0,Car,7.34,24,2025-06-24,Ongoing,Balhaar Krishnamurthy,Male,37,1195000.0,Surat,453,279,0.93,Low,2025-07-16,0.8193757322175732
280,140,969066.0,Car,13.77,48,2024-03-15,Ongoing,Shivani Karnik,Male,42,1007000.0,Jaipur,557,280,0.44,Medium,2025-07-16,0.9623296921549156
281,140,854050.0,Car,10.53,48,2025-01-19,Ongoing,Shivani Karnik,Male,42,1007000.0,Jaipur,557,281,0.35,High,2025-07-16,0.8481132075471698
282,141,1466900.0,Home,7.17,36,2024-03-27,Ongoing,Qushi Kapoor,Male,28,823000.0,Bettiah,712,282,0.66,Medium,2025-07-16,1.7823815309842042
283,141,396393.0,Car,12.36,36,2024-04-21,Ongoing,Qushi Kapoor,Male,28,823000.0,Bettiah,712,283,0.4,Medium,2025-07-16,0.48164398541919806
284,142,281440.0,Car,7.94,36,2023-03-28,Ongoing,Zayyan Maharaj,Female,23,849000.0,Ulhasnagar,410,284,0.47,Medium,2025-07-16,0.3314958775029446
285,142,899940.0,Education,13.03,48,2023-02-07,Defaulted,Zayyan Maharaj,Female,23,849000.0,Ulhasnagar,410,285,0.87,Low,2025-07-16,1.06
286,143,68401.0,Education,10.89,36,2023-05-05,Defaulted,Hitesh Rau,Female,21,1139000.0,Saharsa,674,286,0.44,Medium,2025-07-16,0.060053555750658474
287,143,1476350.0,Car,9.48,12,2025-04-16,Ongoing,Hitesh Rau,Female,21,1139000.0,Saharsa,674,287,0.9,Low,2025-07-16,1.296180860403863
288,143,112313.0,Car,9.93,12,2023-01-22,Defaulted,Hitesh Rau,Female,21,1139000.0,Saharsa,674,288,0.97,Low,2025-07-16,0.09860667251975418
289,144,1305130.0,Car,11.04,24,2022-12-26,Defaulted,Tanveer Mittal,Male,62,1085000.0,North Dumdum,730,289,0.89,Low,2025-07-16,1.202884792626728
290,144,154792.0,Personal,10.29,36,2024-02-21,Closed,Tanveer Mittal,Male,62,1085000.0,North Dumdum,730,290,0.26,High,2025-07-16,0.14266543778801843
291,144,559039.0,Car,9.29,12,2023-01-25,Defaulted,Tanveer Mittal,Male,62,1085000.0,North Dumdum,730,291,0.86,Low,2025-07-16,0.5152433179723502
292,145,144352.0,Education,8.85,36,2025-04-19,Ongoing,Yamini Brahmbhatt,Male,65,341000.0,Sri Ganganagar,715,292,0.52,Medium,2025-07-16,0.42331964809384165
293,145,634228.0,Home,12.83,48,2024-08-18,Defaulted,Yamini Brahmbhatt,Male,65,341000.0,Sri Ganganagar,715,293,0.86,Low,2025-07-16,1.8599061583577712
294,145,896983.0,Home,7.72,36,2023-07-08,Ongoing,Yamini Brahmbhatt,Male,65,341000.0,Sri Ganganagar,715,294,0.7,Low,2025-07-16,2.6304486803519063
295,146,916309.0,Car,12.58,12,2023-09-17,Defaulted,Rudra Randhawa,Female,40,1157000.0,Ajmer,685,295,0.17,High,2025-07-16,0.7919697493517718
296,147,268629.0,Car,13.48,48,2025-04-09,Defaulted,Viraj Dhawan,Female,44,378000.0,Hapur,446,296,0.86,Low,2025-07-16,0.7106587301587302
297,147,763375.0,Home,9.57,36,2023-08-15,Defaulted,Viraj Dhawan,Female,44,378000.0,Hapur,446,297,0.58,Medium,2025-07-16,2.019510582010582
298,148,744166.0,Home,8.23,24,2025-06-14,Defaulted,Daksha Peri,Female,58,201000.0,Alwar,697,298,0.77,Low,2025-07-16,3.702318407960199
299,148,1174490.0,Home,13.19,48,2024-07-17,Ongoing,Daksha Peri,Female,58,201000.0,Alwar,697,299,0.6,Medium,2025-07-16,5.843233830845771
300,149,1285810.0,Personal,13.05,12,2023-12-08,Ongoing,Lipika Butala,Female,27,1440000.0,Ambattur,786,300,0.76,Low,2025-07-16,0.8929236111111111
301,149,590943.0,Education,12.44,24,2024-10-16,Ongoing,Lipika Butala,Female,27,1440000.0,Ambattur,786,301,0.57,Medium,2025-07-16,0.41037708333333334
302,150,678812.0,Education,6.61,48,2023-09-13,Ongoing,Vrishti Ghose,Female,49,833000.0,Allahabad,574,302,0.79,Low,2025-07-16,0.8149003601440576
303,151,1034130.0,Personal,12.08,36,2024-06-01,Ongoing,Varenya Palla,Female,24,917000.0,Sirsa,464,303,0.69,Medium,2025-07-16,1.12773173391494
304,151,785375.0,Home,8.02,12,2022-12-13,Closed,Varenya Palla,Female,24,917000.0,Sirsa,464,304,0.27,High,2025-07-16,0.8564612868047983
305,152,1477960.0,Education,14.44,12,2024-05-19,Ongoing,Pratyush Dubey,Female,30,1246000.0,Muzaffarnagar,360,305,0.62,Medium,2025-07-16,1.1861637239165328
306,152,1484380.0,Education,10.45,36,2025-06-10,Closed,Pratyush Dubey,Female,30,1246000.0,Muzaffarnagar,360,306,0.58,Medium,2025-07-16,1.1913162118780096
307,152,947203.0,Home,7.04,24,2023-12-24,Ongoing,Pratyush Dubey,Female,30,1246000.0,Muzaffarnagar,360,307,0.61,Medium,2025-07-16,0.7601950240770465
308,153,917936.0,Personal,13.61,24,2024-08-05,Closed,Falak Mander,Female,63,1248000.0,Rampur,497,308,0.38,High,2025-07-16,0.735525641025641
309,153,1166650.0,Car,12.51,12,2024-01-09,Closed,Falak Mander,Female,63,1248000.0,Rampur,497,309,0.32,High,2025-07-16,0.9348157051282051
310,153,352743.0,Education,13.3,24,2022-11-22,Closed,Falak Mander,Female,63,1248000.0,Rampur,497,310,0.25,High,2025-07-16,0.28264663461538464
311,154,234269.0,Personal,13.54,24,2024-06-28,Defaulted,Nihal Prabhakar,Female,30,257000.0,Imphal,721,311,0.52,Medium,2025-07-16,0.9115525291828793
312,154,703216.0,Home,10.99,36,2024-05-04,Defaulted,Nihal Prabhakar,Female,30,257000.0,Imphal,721,312,0.83,Low,2025-07-16,2.736249027237354
313,154,1309470.0,Personal,14.04,12,2024-02-19,Ongoing,Nihal Prabhakar,Female,30,257000.0,Imphal,721,313,0.73,Low,2025-07-16,5.0952140077821015
314,155,1293120.0,Education,11.31,24,2023-05-24,Ongoing,Ucchal Gill,Male,37,610000.0,Jodhpur,763,314,0.88,Low,2025-07-16,2.1198688524590166
315,155,358694.0,Personal,12.08,48,2022-09-16,Closed,Ucchal Gill,Male,37,610000.0,Jodhpur,763,315,0.63,Medium,2025-07-16,0.5880229508196722
316,155,67017.9,Personal,9.17,48,2022-12-07,Defaulted,Ucchal Gill,Male,37,610000.0,Jodhpur,763,316,0.57,Medium,2025-07-16,0.10986540983606556
317,156,242075.0,Home,6.66,12,2023-10-18,Ongoing,Arunima Merchant,Female,41,924000.0,Bellary,756,317,0.85,Low,2025-07-16,0.26198593073593074
318,156,1220730.0,Personal,11.79,36,2023-06-02,Ongoing,Arunima Merchant,Female,41,924000.0,Bellary,756,318,0.5,Medium,2025-07-16,1.3211363636363636
319,156,405232.0,Personal,7.35,36,2025-05-01,Closed,Arunima Merchant,Female,41,924000.0,Bellary,756,319,0.14,High,2025-07-16,0.43856277056277054
320,157,420739.0,Education,12.26,36,2024-12-27,Defaulted,Gaurang Dada,Female,26,240000.0,Sagar,592,320,0.79,Low,2025-07-16,1.7530791666666667
321,158,1051970.0,Car,13.18,48,2024-06-25,Defaulted,Falguni Palan,Male,63,220000.0,Malegaon,550,321,0.16,High,2025-07-16,4.781681818181818
322,158,51357.6,Home,12.4,36,2025-03-25,Closed,Falguni Palan,Male,63,220000.0,Malegaon,550,322,0.7,Low,2025-07-16,0.23344363636363635
323,158,551305.0,Car,9.23,36,2023-12-27,Ongoing,Falguni Palan,Male,63,220000.0,Malegaon,550,323,0.49,Medium,2025-07-16,2.505931818181818
324,159,767403.0,Car,14.07,24,2022-08-09,Closed,Aahana Sengupta,Male,50,247000.0,Tenali,648,324,0.7,Low,2025-07-16,3.106894736842105
325,159,787405.0,Home,13.32,12,2024-07-07,Defaulted,Aahana Sengupta,Male,50,247000.0,Tenali,648,325,0.68,Medium,2025-07-16,3.1878744939271253
326,159,705115.0,Home,9.95,12,2024-06-17,Defaulted,Aahana Sengupta,Male,50,247000.0,Tenali,648,326,0.42,Medium,2025-07-16,2.8547165991902834
327,160,119645.0,Education,8.72,12,2024-09-03,Defaulted,Irya Bhalla,Male,61,763000.0,Tadipatri,601,327,0.65,Medium,2025-07-16,0.1568086500655308
328,160,517544.0,Personal,6.64,12,2025-04-02,Defaulted,Irya Bhalla,Male,61,763000.0,Tadipatri,601,328,0.79,Low,2025-07-16,0.6783014416775884
329,161,715752.0,Car,11.94,12,2023-09-03,Defaulted,Qadim Majumdar,Female,63,263000.0,Vadodara,558,329,0.38,High,2025-07-16,2.721490494296578
330,162,1121330.0,Car,13.21,48,2022-09-26,Defaulted,Imaran Rastogi,Male,21,892000.0,Sambhal,695,330,0.27,High,2025-07-16,1.2570964125560538
331,162,234162.0,Home,10.86,48,2025-02-18,Closed,Imaran Rastogi,Male,21,892000.0,Sambhal,695,331,0.85,Low,2025-07-16,0.2625134529147982
332,162,100339.0,Home,10.97,36,2022-07-23,Defaulted,Imaran Rastogi,Male,21,892000.0,Sambhal,695,332,0.28,High,2025-07-16,0.11248766816143498
333,163,1119360.0,Personal,8.14,36,2025-06-13,Ongoing,Suhani Mangat,Female,43,224000.0,Rajpur Sonarpur,365,333,0.17,High,2025-07-16,4.997142857142857
334,163,106384.0,Car,9.82,48,2024-09-02,Defaulted,Suhani Mangat,Female,43,224000.0,Rajpur Sonarpur,365,334,0.69,Medium,2025-07-16,0.4749285714285714
335,163,683711.0,Personal,9.85,24,2024-06-12,Ongoing,Suhani Mangat,Female,43,224000.0,Rajpur Sonarpur,365,335,0.55,Medium,2025-07-16,3.05228125
336,164,1266270.0,Education,8.81,48,2025-02-25,Defaulted,Falan Sule,Female,43,813000.0,Chapra,536,336,0.43,Medium,2025-07-16,1.5575276752767528
337,164,943507.0,Car,14.49,24,2023-10-24,Ongoing,Falan Sule,Female,43,813000.0,Chapra,536,337,0.17,High,2025-07-16,1.1605252152521526
338,165,1463860.0,Car,13.65,12,2022-07-18,Closed,Timothy Nigam,Female,29,926000.0,Phagwara,670,338,0.69,Medium,2025-07-16,1.580842332613391
339,165,638988.0,Home,9.99,24,2022-08-20,Defaulted,Timothy Nigam,Female,29,926000.0,Phagwara,670,339,0.47,Medium,2025-07-16,0.6900518358531318
340,166,66722.2,Car,12.45,24,2024-03-01,Defaulted,Aadi Ray,Male,31,729000.0,Coimbatore,592,340,0.84,Low,2025-07-16,0.09152565157750342
341,166,705477.0,Personal,10.31,48,2023-07-24,Closed,Aadi Ray,Male,31,729000.0,Coimbatore,592,341,0.37,High,2025-07-16,0.9677325102880658
342,166,714743.0,Education,7.09,12,2025-04-29,Closed,Aadi Ray,Male,31,729000.0,Coimbatore,592,342,0.39,High,2025-07-16,0.980443072702332
343,167,567818.0,Personal,8.59,36,2023-11-25,Closed,David Kota,Female,28,415000.0,South Dumdum,406,343,0.29,High,2025-07-16,1.3682361445783133
344,167,684040.0,Education,13.89,48,2024-07-21,Defaulted,David Kota,Female,28,415000.0,South Dumdum,406,344,0.91,Low,2025-07-16,1.648289156626506
345,167,869728.0,Education,11.21,48,2025-01-25,Defaulted,David Kota,Female,28,415000.0,South Dumdum,406,345,0.32,High,2025-07-16,2.0957301204819276
346,168,430394.0,Education,13.37,36,2025-01-27,Defaulted,Onkar Thakur,Female,33,547000.0,Nagercoil,580,346,0.29,High,2025-07-16,0.7868263254113346
347,168,756947.0,Personal,11.83,36,2023-02-09,Closed,Onkar Thakur,Female,33,547000.0,Nagercoil,580,347,0.54,Medium,2025-07-16,1.3838153564899451
348,168,195170.0,Home,9.22,12,2024-08-18,Closed,Onkar Thakur,Female,33,547000.0,Nagercoil,580,348,0.66,Medium,2025-07-16,0.356800731261426
349,169,877083.0,Car,6.51,12,2023-10-24,Defaulted,Daniel Dugar,Female,23,1366000.0,New Delhi,602,349,0.8,Low,2025-07-16,0.6420812591508053
350,169,919460.0,Home,13.88,12,2025-06-01,Closed,Daniel Dugar,Female,23,1366000.0,New Delhi,602,350,0.63,Medium,2025-07-16,0.673103953147877
351,170,709925.0,Car,6.64,24,2025-01-19,Ongoing,Dayamai Parsa,Female,21,571000.0,Katni,391,351,0.76,Low,2025-07-16,1.2433012259194396
352,170,1335490.0,Home,9.45,48,2022-08-17,Ongoing,Dayamai Parsa,Female,21,571000.0,Katni,391,352,0.15,High,2025-07-16,2.338861646234676
353,170,310321.0,Home,10.82,24,2024-06-21,Ongoing,Dayamai Parsa,Female,21,571000.0,Katni,391,353,0.65,Medium,2025-07-16,0.5434693520140105
354,171,404266.0,Personal,13.21,12,2023-05-27,Closed,Aryan Tara,Female,22,338000.0,Nagercoil,448,354,0.75,Low,2025-07-16,1.19605325443787
355,172,911815.0,Education,9.39,12,2025-01-13,Closed,Zarna Sibal,Male,52,474000.0,Raiganj,643,355,0.94,Low,2025-07-16,1.9236603375527426
356,172,356324.0,Personal,10.39,48,2023-05-19,Ongoing,Zarna Sibal,Male,52,474000.0,Raiganj,643,356,0.2,High,2025-07-16,0.7517383966244726
357,173,1392340.0,Home,13.2,36,2024-12-29,Ongoing,Ekta Narayanan,Male,49,481000.0,Katihar,420,357,0.58,Medium,2025-07-16,2.8946777546777547
358,173,942814.0,Personal,14.33,36,2023-10-08,Ongoing,Ekta Narayanan,Male,49,481000.0,Katihar,420,358,0.93,Low,2025-07-16,1.960112266112266
359,173,229030.0,Education,7.82,24,2023-07-02,Ongoing,Ekta Narayanan,Male,49,481000.0,Katihar,420,359,0.64,Medium,2025-07-16,0.47615384615384615
360,174,421762.0,Education,14.47,12,2023-06-24,Closed,Om Venkatesh,Male,45,1494000.0,Panvel,421,360,0.42,Medium,2025-07-16,0.28230388219544844
361,174,934698.0,Car,12.38,36,2023-05-30,Closed,Om Venkatesh,Male,45,1494000.0,Panvel,421,361,0.63,Medium,2025-07-16,0.6256345381526104
362,175,865209.0,Car,7.5,24,2024-08-25,Defaulted,Omaja Kant,Female,25,1292000.0,Raurkela Industrial Township,337,362,0.59,Medium,2025-07-16,0.6696664086687306
363,175,542252.0,Car,9.77,12,2024-10-20,Ongoing,Omaja Kant,Female,25,1292000.0,Raurkela Industrial Township,337,363,0.5,Medium,2025-07-16,0.4196996904024768
364,176,1329120.0,Home,9.41,48,2025-01-09,Defaulted,Rehaan Dutta,Female,34,1241000.0,Deoghar,538,364,0.13,High,2025-07-16,1.0710072522159548
365,176,549763.0,Personal,14.34,24,2024-12-19,Defaulted,Rehaan Dutta,Female,34,1241000.0,Deoghar,538,365,0.85,Low,2025-07-16,0.443
366,176,1451730.0,Education,11.63,24,2024-09-25,Defaulted,Rehaan Dutta,Female,34,1241000.0,Deoghar,538,366,0.67,Medium,2025-07-16,1.1698066075745366
367,177,1340690.0,Home,12.79,12,2024-04-18,Ongoing,Peter Johal,Female,25,803000.0,Khammam,345,367,0.26,High,2025-07-16,1.669601494396015
368,177,242589.0,Education,13.98,24,2024-11-07,Ongoing,Peter Johal,Female,25,803000.0,Khammam,345,368,0.8,Low,2025-07-16,0.30210336239103364
369,177,981169.0,Personal,8.53,12,2024-08-28,Defaulted,Peter Johal,Female,25,803000.0,Khammam,345,369,0.45,Medium,2025-07-16,1.221879202988792
370,178,1206760.0,Car,10.32,36,2024-09-13,Defaulted,Falan Talwar,Female,49,1222000.0,Sultan Pur Majra,650,370,0.96,Low,2025-07-16,0.9875286415711948
371,178,709408.0,Personal,11.4,24,2022-10-03,Closed,Falan Talwar,Female,49,1222000.0,Sultan Pur Majra,650,371,0.98,Low,2025-07-16,0.5805302782324059
372,178,512385.0,Car,8.03,24,2024-06-05,Defaulted,Falan Talwar,Female,49,1222000.0,Sultan Pur Majra,650,372,0.21,High,2025-07-16,0.4193003273322422
373,179,299163.0,Car,12.54,12,2023-09-16,Defaulted,Bishakha Pant,Female,65,847000.0,Sirsa,548,373,0.3,High,2025-07-16,0.3532030696576151
374,180,762289.0,Personal,11.84,48,2022-11-12,Ongoing,Lekha Bhat,Female,47,733000.0,Guwahati,608,374,0.33,High,2025-07-16,1.0399577080491131
375,180,111425.0,Car,13.97,12,2022-11-02,Defaulted,Lekha Bhat,Female,47,733000.0,Guwahati,608,375,0.65,Medium,2025-07-16,0.15201227830832195
376,180,1362830.0,Car,10.58,24,2022-09-25,Closed,Lekha Bhat,Female,47,733000.0,Guwahati,608,376,0.29,High,2025-07-16,1.85924965893588
377,181,492142.0,Personal,6.51,12,2023-05-08,Closed,Luke Nath,Female,40,652000.0,Jehanabad,394,377,0.19,High,2025-07-16,0.754819018404908
378,181,619320.0,Car,7.44,48,2023-03-11,Ongoing,Luke Nath,Female,40,652000.0,Jehanabad,394,378,0.49,Medium,2025-07-16,0.949877300613497
379,182,948139.0,Personal,13.46,36,2023-06-27,Ongoing,Deepa Chatterjee,Male,39,1463000.0,Amritsar,669,379,0.38,High,2025-07-16,0.6480786056049214
380,183,445007.0,Education,10.27,36,2025-06-23,Closed,Abhiram Kapadia,Male,39,1175000.0,Surendranagar Dudhrej,750,380,0.72,Low,2025-07-16,0.3787293617021277
381,184,1023160.0,Personal,9.09,12,2025-02-07,Ongoing,Arunima Mitra,Male,21,495000.0,Bidar,440,381,0.34,High,2025-07-16,2.066989898989899
382,184,1483500.0,Personal,8.21,36,2025-05-20,Ongoing,Arunima Mitra,Male,21,495000.0,Bidar,440,382,0.13,High,2025-07-16,2.996969696969697
383,184,320279.0,Home,12.57,48,2024-08-30,Ongoing,Arunima Mitra,Male,21,495000.0,Bidar,440,383,0.71,Low,2025-07-16,0.6470282828282828
384,185,578149.0,Home,6.84,48,2023-03-23,Closed,Elijah Salvi,Female,49,959000.0,Etawah,648,384,0.4,Medium,2025-07-16,0.602866527632951
385,185,163532.0,Car,6.75,24,2024-05-11,Closed,Elijah Salvi,Female,49,959000.0,Etawah,648,385,0.77,Low,2025-07-16,0.17052346193952034
386,185,364181.0,Car,14.43,48,2025-04-26,Defaulted,Elijah Salvi,Female,49,959000.0,Etawah,648,386,0.88,Low,2025-07-16,0.3797507820646507
387,186,509652.0,Home,9.16,12,2024-10-07,Defaulted,Samarth Ravel,Male,45,1295000.0,Gwalior,596,387,0.63,Medium,2025-07-16,0.393553667953668
388,186,1398930.0,Education,9.58,48,2022-11-18,Defaulted,Samarth Ravel,Male,45,1295000.0,Gwalior,596,388,0.88,Low,2025-07-16,1.0802548262548262
389,186,249919.0,Personal,11.59,36,2024-05-01,Ongoing,Samarth Ravel,Male,45,1295000.0,Gwalior,596,389,0.74,Low,2025-07-16,0.1929876447876448
390,187,595527.0,Education,8.29,12,2023-03-08,Defaulted,Dipta Din,Male,21,237000.0,Dibrugarh,562,390,0.54,Medium,2025-07-16,2.512772151898734
391,188,174199.0,Car,9.4,24,2023-10-11,Closed,Kalpit Varughese,Male,60,945000.0,Madanapalle,486,391,0.27,High,2025-07-16,0.18433756613756613
392,188,1288150.0,Personal,13.01,36,2023-02-12,Defaulted,Kalpit Varughese,Male,60,945000.0,Madanapalle,486,392,0.98,Low,2025-07-16,1.3631216931216932
393,189,955278.0,Car,13.22,48,2023-07-30,Defaulted,Mahika Natt,Male,32,547000.0,Surat,662,393,0.66,Medium,2025-07-16,1.7463948811700183
394,189,1005760.0,Personal,10.27,36,2024-05-05,Defaulted,Mahika Natt,Male,32,547000.0,Surat,662,394,0.61,Medium,2025-07-16,1.8386837294332723
395,190,121024.0,Personal,14.22,36,2025-02-20,Ongoing,Gauri Warrior,Female,42,390000.0,Mangalore,474,395,0.53,Medium,2025-07-16,0.3103179487179487
396,191,1357430.0,Personal,8.41,36,2023-04-18,Ongoing,Henry Bava,Female,56,204000.0,Farrukhabad,639,396,0.93,Low,2025-07-16,6.654068627450981
397,192,616807.0,Personal,11.88,24,2022-09-04,Defaulted,Eta Thakkar,Female,26,596000.0,Jamnagar,794,397,0.37,High,2025-07-16,1.0349110738255034
398,193,810418.0,Personal,9.6,36,2023-09-08,Ongoing,Jalsa Vohra,Male,35,837000.0,Erode,480,398,0.33,High,2025-07-16,0.9682413381123058
399,194,857095.0,Home,13.97,12,2023-08-02,Ongoing,Gayathri Vala,Male,27,1418000.0,Jammu,695,399,0.26,High,2025-07-16,0.6044393511988716
400,195,92631.7,Education,9.55,24,2024-04-11,Defaulted,Zayyan Nigam,Female,55,1264000.0,Tadepalligudem,783,400,0.16,High,2025-07-16,0.07328457278481013
401,195,679390.0,Education,13.41,12,2023-08-28,Closed,Zayyan Nigam,Female,55,1264000.0,Tadepalligudem,783,401,0.75,Low,2025-07-16,0.5374920886075949
402,195,1340470.0,Car,14.37,24,2023-05-02,Ongoing,Zayyan Nigam,Female,55,1264000.0,Tadepalligudem,783,402,0.21,High,2025-07-16,1.060498417721519
403,196,214037.0,Car,10.21,12,2023-10-24,Defaulted,Saumya Luthra,Male,44,1242000.0,Patiala,457,403,0.63,Medium,2025-07-16,0.17233252818035427
404,196,488509.0,Home,10.81,12,2023-10-26,Closed,Saumya Luthra,Male,44,1242000.0,Patiala,457,404,0.48,Medium,2025-07-16,0.3933244766505636
405,196,249339.0,Personal,8.81,12,2024-07-28,Closed,Saumya Luthra,Male,44,1242000.0,Patiala,457,405,0.4,Medium,2025-07-16,0.20075603864734298
406,197,996468.0,Car,7.09,48,2023-01-08,Closed,Raksha Pillai,Female,64,524000.0,Bhiwani,459,406,0.83,Low,2025-07-16,1.9016564885496183
407,197,1464200.0,Home,13.16,12,2024-09-04,Defaulted,Raksha Pillai,Female,64,524000.0,Bhiwani,459,407,0.59,Medium,2025-07-16,2.794274809160305
408,197,1246060.0,Home,8.48,48,2023-01-01,Closed,Raksha Pillai,Female,64,524000.0,Bhiwani,459,408,0.3,High,2025-07-16,2.377977099236641
409,198,901417.0,Education,14.43,24,2024-01-19,Defaulted,Laban Boase,Female,58,577000.0,Nashik,476,409,0.14,High,2025-07-16,1.5622478336221837
410,198,805992.0,Personal,11.32,36,2023-07-15,Ongoing,Laban Boase,Female,58,577000.0,Nashik,476,410,0.31,High,2025-07-16,1.3968665511265164
411,198,137385.0,Car,11.75,12,2024-01-03,Closed,Laban Boase,Female,58,577000.0,Nashik,476,411,0.44,Medium,2025-07-16,0.23810225303292895
412,199,1444670.0,Education,8.78,36,2023-11-30,Ongoing,Upkaar Kuruvilla,Female,55,645000.0,Anantapuram,673,412,0.78,Low,2025-07-16,2.2397984496124033
413,199,1162470.0,Education,7.03,48,2022-12-26,Closed,Upkaar Kuruvilla,Female,55,645000.0,Anantapuram,673,413,0.91,Low,2025-07-16,1.8022790697674418
414,199,1451930.0,Car,9.64,36,2025-03-23,Defaulted,Upkaar Kuruvilla,Female,55,645000.0,Anantapuram,673,414,0.72,Low,2025-07-16,2.2510542635658917
415,200,1383840.0,Education,10.47,24,2024-05-15,Defaulted,Fitan Bhatnagar,Female,35,657000.0,Ranchi,812,415,0.26,High,2025-07-16,2.1063013698630138
