"customer_id","name","gender","age","income","region","credit_score"
"1","Sai Palan","Male","48","613000","Bahraich","316"
"2","Manthan Jain","Female","58","391000","Jodhpur","441"
"3","Chameli Golla","Male","59","313000","Berhampore","474"
"4","Dalbir Sabharwal","Male","43","344000","Asansol","555"
"5","Qasim Chowdhury","Male","47","1.051e+006","Kakinada","393"
"6","Harrison Kohli","Male","30","999000","Mahbubnagar","335"
"7","Ekani Handa","Male","25","560000","Hindupur","493"
"8","Deepa Naik","Female","43","254000","Motihari","656"
"9","Michael Badami","Male","37","907000","Anantapur","471"
"10","Wakeeta Sidhu","Female","31","515000","Vijayanagaram","625"
"11","Ethan Parsa","Male","23","794000","Anantapuram","597"
"12","Harshil Raj","Male","21","373000","Nangloi Jat","758"
"13","Vasudha Chander","Female","49","879000","Sultan Pur Majra","650"
"14","Vrinda Kothari","Male","29","1.087e+006","Bhatpara","718"
"15","Parth Dhaliwal","Male","53","1.295e+006","Ongole","453"
"16","Anamika Dutta","Male","54","870000","Fatehpur","847"
"17","Meera Tara","Female","44","417000","Proddatur","367"
"18","Abha Walia","Female","47","321000","Shivpuri","541"
"19","Arjun Ramaswamy","Female","21","613000","Hubli–Dharwad","508"
"20","Advika Hayre","Female","53","440000","Ichalkaranji","321"
"21","Sanaya Keer","Female","42","712000","Ongole","469"
"22","Dipta Kulkarni","Male","62","944000","Ambattur","410"
"23","Henry Chana","Female","21","504000","Mau","302"
"24","Ekaraj Dua","Male","52","853000","Medininagar","591"
"25","Yahvi Choudhry","Female","61","800000","Hajipur","679"
"26","Nachiket Parmar","Male","28","402000","Kottayam","416"
"27","Anjali Misra","Female","64","437000","South Dumdum","676"
"28","Yadavi Bose","Male","55","890000","Kottayam","762"
"29","Atharv Sarkar","Male","64","293000","Kota","385"
"30","Wazir Oza","Male","34","261000","Sultan Pur Majra","441"
"31","Rayaan Gaba","Male","62","612000","Kolhapur","791"
"32","Radha Rajagopal","Male","25","704000","Begusarai","798"
"33","Samar Narasimhan","Male","58","602000","Guntakal","707"
"34","Charvi Bajaj","Male","51","1.366e+006","Bhagalpur","316"
"35","Neelima Dhingra","Female","51","986000","Dindigul","491"
"36","Maanas Naik","Male","50","1.229e+006","Mango","479"
"37","Yashoda Datta","Male","30","1.153e+006","Madhyamgram","510"
"38","Varenya Bhasin","Female","50","1.11e+006","Bhilwara","713"
"39","Zansi Garde","Female","30","392000","Saharanpur","588"
"40","Dayita Gade","Male","39","1.012e+006","Dehri","850"
"41","Pahal Saha","Male","46","774000","Siwan","373"
"42","Siya Andra","Female","43","1.442e+006","Bhiwandi","838"
"43","Advay Bajwa","Female","31","1.409e+006","Udupi","355"
"44","Pratyush Bumb","Male","29","573000","Sikar","346"
"45","Onveer Kalita","Female","64","1.174e+006","Agartala","695"
"46","Idika Gandhi","Male","63","980000","Ramagundam","636"
"47","Chanchal Doshi","Female","27","782000","Katni","835"
"48","Yauvani Bhat","Female","21","523000","Etawah","568"
"49","William Toor","Male","49","730000","Hosur","687"
"50","Ranbir Sant","Male","33","767000","Eluru","550"
"51","Kabir Sastry","Female","27","682000","Buxar","729"
"52","Tara Pathak","Male","44","659000","Ratlam","598"
"53","Mekhala Johal","Male","55","1.035e+006","Haldia","371"
"54","Oliver Lanka","Male","37","270000","Thiruvananthapuram","731"
"55","Priya Sani","Male","43","616000","Deoghar","565"
"56","Aishani Bali","Female","54","628000","Bhavnagar","600"
"57","Udant Khare","Male","32","550000","Tiruchirappalli","779"
"58","Hemang Minhas","Male","27","640000","Bharatpur","587"
"59","Upadhriti Sachdev","Female","38","265000","Durgapur","792"
"60","Ekapad Desai","Female","35","796000","Pune","386"
"61","Hemani Bedi","Female","51","894000","Lucknow","817"
"62","Victor Goswami","Male","32","1.128e+006","Jamshedpur","452"
"63","Ethan Mukherjee","Male","62","278000","New Delhi","441"
"64","Hemani Ravel","Female","37","1.323e+006","Srinagar","687"
"65","Sanaya Gour","Female","52","785000","Guna","528"
"66","Chakrika Kashyap","Male","46","1.321e+006","Aizawl","750"
"67","Zinal Sethi","Male","24","920000","Khandwa","785"
"68","Ganga Morar","Female","48","788000","Howrah","637"
"69","Owen Dada","Female","28","1.488e+006","Hubli–Dharwad","338"
"70","Gabriel More","Male","36","369000","Farrukhabad","462"
"71","Brijesh Dyal","Male","33","436000","Mumbai","347"
"72","Pallavi Saha","Female","31","939000","Visakhapatnam","670"
"73","Yadavi Chaudry","Male","30","1.138e+006","Kollam","611"
"74","Udant Aggarwal","Male","55","603000","Vasai-Virar","310"
"75","Owen Randhawa","Male","63","517000","Tadipatri","660"
"76","Sathvik Tak","Male","43","1.255e+006","Vijayawada","698"
"77","Ekaja Ranganathan","Female","24","1.178e+006","Madhyamgram","388"
"78","Luke Palan","Male","39","1.321e+006","Tiruppur","451"
"79","Utkarsh Kuruvilla","Male","62","627000","Proddatur","694"
"80","Ethan Prakash","Female","58","230000","Pondicherry","556"
"81","Unnati Kalita","Female","24","963000","Pondicherry","449"
"82","Falguni Golla","Female","21","1.202e+006","Narasaraopet","316"
"83","Ethan Barad","Female","55","1.243e+006","Raurkela Industrial Township","602"
"84","Bhavna Pandya","Male","36","449000","Nagpur","682"
"85","Nikita Doshi","Male","50","1.187e+006","Kochi","399"
"86","Prisha Kurian","Male","23","1.36e+006","Hapur","649"
"87","Geetika Banerjee","Female","23","1.173e+006","Anantapuram","346"
"88","Damyanti Amble","Male","34","499000","Tadipatri","330"
"89","Samarth Deo","Male","23","1.075e+006","Pallavaram","588"
"90","Om Raja","Female","46","1.231e+006","Asansol","547"
"91","Aadhya Suri","Female","54","263000","Faridabad","818"
"92","Falguni Kadakia","Female","62","719000","Deoghar","690"
"93","Divya Bhandari","Female","63","406000","Narasaraopet","531"
"94","Omisha Dhar","Male","34","881000","Allahabad","688"
"95","Azad Date","Female","48","1.01e+006","Secunderabad","750"
"96","Nimrat Chaudhari","Female","33","1.092e+006","Amritsar","760"
"97","Darsh Ganesh","Female","64","1.463e+006","Malegaon","626"
"98","Ekbal Biswas","Male","51","290000","Raebareli","596"
"99","Samar Mishra","Male","24","603000","Berhampur","552"
"100","Thomas Morar","Male","37","712000","Raipur","403"
"101","Hemang Ahuja","Male","54","937000","Jaunpur","430"
"102","Siya Maharaj","Female","46","858000","Bhubaneswar","545"
"103","Gautami Shukla","Female","24","293000","Navi Mumbai","748"
"104","Indira Madan","Male","33","573000","Mumbai","539"
"105","Balveer Narayan","Male","42","843000","Dehradun","549"
"106","Frado Kibe","Male","59","966000","Bareilly","314"
"107","Upkaar Mallick","Male","40","1.205e+006","Karimnagar","419"
"108","Omaja Jha","Male","39","443000","Amroha","539"
"109","Zarna Balan","Male","42","242000","Jaipur","815"
"110","Om Biswas","Male","56","992000","Guna","801"
"111","Lakshit Baria","Male","23","1.087e+006","Dewas","589"
"112","Leena Pingle","Male","33","409000","Nandyal","313"
"113","Frederick Prakash","Female","36","1.307e+006","Maheshtala","491"
"114","Ijaya Bhagat","Male","28","1.5e+006","Nashik","491"
"115","Yatan Korpal","Female","57","888000","Raurkela Industrial Township","719"
"116","Avi Minhas","Male","42","692000","Suryapet","355"
"117","Chanakya Chacko","Male","39","1.001e+006","Aurangabad","735"
"118","Irya Keer","Female","37","1.312e+006","Rourkela","643"
"119","Chavvi Sankaran","Female","29","882000","Erode","373"
"120","Abeer Chawla","Male","54","1.204e+006","Begusarai","643"
"121","Rachana Kaur","Female","37","485000","Ozhukarai","842"
"122","Tanay Rastogi","Male","36","961000","Etawah","597"
"123","Veer Parmar","Female","28","1.417e+006","Etawah","747"
"124","Aahana Purohit","Male","39","730000","Gorakhpur","460"
"125","Leena Badami","Male","55","369000","New Delhi","763"
"126","Rudra Setty","Female","32","202000","Tinsukia","635"
"127","Ekansh Tripathi","Male","30","1.162e+006","Vellore","698"
"128","Wakeeta Kata","Male","48","1.154e+006","Narasaraopet","748"
"129","Bishakha Aurora","Male","50","1.263e+006","Morena","503"
"130","Chandran Sha","Male","21","643000","Patiala","439"
"131","Karan Chokshi","Female","21","1.248e+006","Pallavaram","382"
"132","Lekha Karnik","Male","22","1.323e+006","Baranagar","423"
"133","Isaiah Koshy","Female","47","1.291e+006","Machilipatnam","503"
"134","Meera Shetty","Female","65","1.123e+006","Berhampore","359"
"135","Wriddhish Sengupta","Male","55","210000","Bilaspur","730"
"136","Ekansh Pau","Female","55","778000","Haldia","761"
"137","Praneel Chakrabarti","Female","42","1.096e+006","Hajipur","495"
"138","Ojasvi Khatri","Female","49","507000","Narasaraopet","512"
"139","Balhaar Krishnamurthy","Male","37","1.195e+006","Surat","453"
"140","Shivani Karnik","Male","42","1.007e+006","Jaipur","557"
"141","Qushi Kapoor","Male","28","823000","Bettiah","712"
"142","Zayyan Maharaj","Female","23","849000","Ulhasnagar","410"
"143","Hitesh Rau","Female","21","1.139e+006","Saharsa","674"
"144","Tanveer Mittal","Male","62","1.085e+006","North Dumdum","730"
"145","Yamini Brahmbhatt","Male","65","341000","Sri Ganganagar","715"
"146","Rudra Randhawa","Female","40","1.157e+006","Ajmer","685"
"147","Viraj Dhawan","Female","44","378000","Hapur","446"
"148","Daksha Peri","Female","58","201000","Alwar","697"
"149","Lipika Butala","Female","27","1.44e+006","Ambattur","786"
"150","Vrishti Ghose","Female","49","833000","Allahabad","574"
"151","Varenya Palla","Female","24","917000","Sirsa","464"
"152","Pratyush Dubey","Female","30","1.246e+006","Muzaffarnagar","360"
"153","Falak Mander","Female","63","1.248e+006","Rampur","497"
"154","Nihal Prabhakar","Female","30","257000","Imphal","721"
"155","Ucchal Gill","Male","37","610000","Jodhpur","763"
"156","Arunima Merchant","Female","41","924000","Bellary","756"
"157","Gaurang Dada","Female","26","240000","Sagar","592"
"158","Falguni Palan","Male","63","220000","Malegaon","550"
"159","Aahana Sengupta","Male","50","247000","Tenali","648"
"160","Irya Bhalla","Male","61","763000","Tadipatri","601"
"161","Qadim Majumdar","Female","63","263000","Vadodara","558"
"162","Imaran Rastogi","Male","21","892000","Sambhal","695"
"163","Suhani Mangat","Female","43","224000","Rajpur Sonarpur","365"
"164","Falan Sule","Female","43","813000","Chapra","536"
"165","Timothy Nigam","Female","29","926000","Phagwara","670"
"166","Aadi Ray","Male","31","729000","Coimbatore","592"
"167","David Kota","Female","28","415000","South Dumdum","406"
"168","Onkar Thakur","Female","33","547000","Nagercoil","580"
"169","Daniel Dugar","Female","23","1.366e+006","New Delhi","602"
"170","Dayamai Parsa","Female","21","571000","Katni","391"
"171","Aryan Tara","Female","22","338000","Nagercoil","448"
"172","Zarna Sibal","Male","52","474000","Raiganj","643"
"173","Ekta Narayanan","Male","49","481000","Katihar","420"
"174","Om Venkatesh","Male","45","1.494e+006","Panvel","421"
"175","Omaja Kant","Female","25","1.292e+006","Raurkela Industrial Township","337"
"176","Rehaan Dutta","Female","34","1.241e+006","Deoghar","538"
"177","Peter Johal","Female","25","803000","Khammam","345"
"178","Falan Talwar","Female","49","1.222e+006","Sultan Pur Majra","650"
"179","Bishakha Pant","Female","65","847000","Sirsa","548"
"180","Lekha Bhat","Female","47","733000","Guwahati","608"
"181","Luke Nath","Female","40","652000","Jehanabad","394"
"182","Deepa Chatterjee","Male","39","1.463e+006","Amritsar","669"
"183","Abhiram Kapadia","Male","39","1.175e+006","Surendranagar Dudhrej","750"
"184","Arunima Mitra","Male","21","495000","Bidar","440"
"185","Elijah Salvi","Female","49","959000","Etawah","648"
"186","Samarth Ravel","Male","45","1.295e+006","Gwalior","596"
"187","Dipta Din","Male","21","237000","Dibrugarh","562"
"188","Kalpit Varughese","Male","60","945000","Madanapalle","486"
"189","Mahika Natt","Male","32","547000","Surat","662"
"190","Gauri Warrior","Female","42","390000","Mangalore","474"
"191","Henry Bava","Female","56","204000","Farrukhabad","639"
"192","Eta Thakkar","Female","26","596000","Jamnagar","794"
"193","Jalsa Vohra","Male","35","837000","Erode","480"
"194","Gayathri Vala","Male","27","1.418e+006","Jammu","695"
"195","Zayyan Nigam","Female","55","1.264e+006","Tadepalligudem","783"
"196","Saumya Luthra","Male","44","1.242e+006","Patiala","457"
"197","Raksha Pillai","Female","64","524000","Bhiwani","459"
"198","Laban Boase","Female","58","577000","Nashik","476"
"199","Upkaar Kuruvilla","Female","55","645000","Anantapuram","673"
"200","Fitan Bhatnagar","Female","35","657000","Ranchi","812"
